-- phpMyAdmin SQL Dump
-- version 4.2.12deb2+deb8u7
-- http://www.phpmyadmin.net
--
-- Client :  localhost
-- Généré le :  Ven 03 Avril 2020 à 17:29
-- Version du serveur :  5.5.62-0+deb8u1
-- Version de PHP :  5.6.40-0+deb8u8

SET SQL_MODE = "NO_AUTO_VALUE_ON_ZERO";
SET time_zone = "+00:00";


/*!40101 SET @OLD_CHARACTER_SET_CLIENT=@@CHARACTER_SET_CLIENT */;
/*!40101 SET @OLD_CHARACTER_SET_RESULTS=@@CHARACTER_SET_RESULTS */;
/*!40101 SET @OLD_COLLATION_CONNECTION=@@COLLATION_CONNECTION */;
/*!40101 SET NAMES utf8 */;

--
-- Base de données :  `bag`
--

-- --------------------------------------------------------

--
-- Structure de la table `blog`
--

CREATE TABLE IF NOT EXISTS `blog` (
`id` int(11) NOT NULL,
  `contenu` text CHARACTER SET utf8mb4 COLLATE utf8mb4_bin NOT NULL,
  `date` datetime DEFAULT NULL,
  `titre` varchar(255) CHARACTER SET utf8mb4 COLLATE utf8mb4_bin NOT NULL,
  `type` varchar(255) NOT NULL
) ENGINE=MyISAM AUTO_INCREMENT=7 DEFAULT CHARSET=latin1;

--
-- Contenu de la table `blog`
--

INSERT INTO `blog` (`id`, `contenu`, `date`, `titre`, `type`) VALUES
(2, '★ Du 18 au 20 Novembre à la BàG ! Réalisation en intelligence collective et agile de notre beautiful modular office desk, un bureau modulaire et multifonctionnel !\\n\\n\r\n\r\n★ Pour que les bénévoles puissent assurer leur permanence dans un cadre optimal, la BàG propose un workshop conception et construction d''un bureau modulaire multi-fonction,  qui fait reception, réunion, établi, cantine. \r\nA swiss army knife desk, very versatile ! \\n\\n\r\n\r\n★ Au cours des 3 jours de workshops les participant.e.s pourront ainsi se former mutuellement au maniement des outils électroportatifs, se sensibiliser au réemploi et rendre le plateau plus zen. \\n\\n\r\n\r\n★ 200% scrap-materials : notre beautiful modular office desk est réalisé sur place ⇩On-site⇩ avec les matériaux présents à la récuperathèque ! Le beautiful modular office desk : \r\nune structure orthogonale et systémique pour une économie ⟳globalement⟳ circulaire \\n\\n\r\n\r\naffiche par Nina Six', '2019-11-02 11:44:50', '★ Our beautiful modular office desk set up ★', 'Workshop'),
(1, 'Diffusion du poster-fassicule de présentation de la BàG pour le début de l''année scolaire 2019-2020. \\n\\n\r\n\r\nNotre campagne de diffusion est accompagnée de divers matériaux de la BàG éparpillés dans l''ERG sur lesquels sont inscrits des parties d''infos, examplifiant ainsi les possibilitées de réemploie qu''offre la BàG. \\n\\n\r\n\r\nN''hésitez pas à venir nous rencontrer si vous voulez posez des questions sur le fonctionnement de la BàG, participer à son organisation ou nous ramener des matériaux !', '2019-10-06 21:12:45', 'Nouveau Poster-fassicule de présentation', 'communication'),
(3, 'Merci beaucoup à celles et ceux qui ont participé à notre workshop «Our beautiful modular office desk set up» donné à l’occasion du séminaire 2019 «Économies interstices» de l’erg. \\n\\n\r\n\r\nNous sommes super content.e.s de notre nouveau bureau pensé et réalisé par vos soins! \\n\\n\r\n\r\nLe résultat est un bureau en trois modules: \\n\r\n★ deux tables similaires qui peuvent se joindre en longueurs, en carré, ou en d''autres formes plus complexes.\\n\r\n★ ainsi qu''un module complémentaire sur roulette possédant une grille verticale d''affichage et un bac de rangement, qui peut se glisser juste en dessous des tables.\\n\\n\r\n\r\nVernissage du bureau très bientôt...\\n\r\n-> stay tuned ★★★', '2019-11-22 00:00:00', 'Nouveau bureau et Energie collective', 'Communication'),
(4, 'Le 12 DECEMBRE à 17H, la Boite à Gants inaugure la finalisation du bureau modulaire réalisé pendant le Workshop du séminaire de Novembre "Our beautiful modular desk set up" ! \\n\\n\r\n\r\nCet évènements est organisé et présenté avec l''aide d''ERGOTE RADIO. \\n\\n\r\n\r\nLa BàG vous attend toustes sur le plateau art de l''Erg pour profiter des projections, du bar et des concerts. \\n\\n\r\n\r\nPROGRAMME: \\n\r\n* 17H : projection du workshop \\n\r\n* 19H : live FEUILLEDETHE × THE  LOUKOUMS \\n\r\n* 20H : live LOURDES × GASPARD HERS + dj set LOURDES \\n\\n\r\n\r\naffiche par Simon Raguin', '2019-12-04 00:00:00', 'OPENING OUR BEAUTIFUL MODULAR DESK SET UP X ERGOTE RADIO', 'évènement'),
(5, 'Jeudi 13 février la BàG rayonnait sur le plateau art avec 3 galettes des rois vegans faites maisons à partager librement ☼ ☼ ☼ \\n ', '2020-02-13 00:00:00', 'Galettes de la BàG', 'évènement'),
(6, 'La BàG fleurie à nouveau. \\n\r\nUn énorme rangement à été effectué, les matériaux ont étés reclassés, retriés et reconditionnés. \\n\\n\r\n\r\nLe mobilier collectif et modulaire officiel à été updaté pour une nouvelle existence encore plus solide.\r\nRenforcé et vernis, nappé de sirop d''érable, il est prêt à reflèter les premiers rayons de soleil.\r\nLes nouveaux.elles bénévoles pour les permanences vont etre bien loti.e.s! \\n\\n\r\n\r\nEn plus de tout ça, certains arrivages particuliers \\n\r\n★ Des pigments & autres trésors précieux \\n\r\n★ Une tonne de cadre dans une multitudes de formats \\n\r\n★ Du lettrage autocollant vintage, un rêve de typographe \\n', '2020-03-03 00:00:00', 'Printemps', 'communication');

-- --------------------------------------------------------

--
-- Structure de la table `journal`
--

CREATE TABLE IF NOT EXISTS `journal` (
`id` int(11) NOT NULL,
  `id_user` int(11) NOT NULL,
  `action` varchar(255) NOT NULL,
  `glocks` int(255) NOT NULL,
  `date` datetime DEFAULT NULL,
  `nom` varchar(255) DEFAULT NULL,
  `prenom` varchar(255) NOT NULL
) ENGINE=MyISAM AUTO_INCREMENT=329 DEFAULT CHARSET=latin1;

--
-- Contenu de la table `journal`
--

INSERT INTO `journal` (`id`, `id_user`, `action`, `glocks`, `date`, `nom`, `prenom`) VALUES
(43, 36, 'Inscription', 20, '2019-12-07 16:29:37', 'Clémentine', 'Jakout Van Erp'),
(42, 35, 'Décompte', -2, '2019-12-07 16:28:11', 'Célia', 'Saliet'),
(41, 35, 'Ajout', 1, '2019-12-07 16:28:07', 'Célia', 'Saliet'),
(40, 35, 'Inscription', 20, '2019-12-07 16:27:58', 'Célia', 'Saliet'),
(39, 34, 'Inscription', 20, '2019-12-06 23:09:42', 'Antoin', 'Pascale'),
(38, 33, 'Inscription', 200, '2019-12-04 17:40:42', 'Timmermans', 'Dorian'),
(44, 37, 'Inscription', 20, '2019-12-07 16:30:52', 'Gaetan', 'Jossart'),
(45, 38, 'Inscription', 20, '2019-12-07 16:31:44', 'Godts', 'Marine'),
(46, 39, 'Inscription', 20, '2019-12-07 16:35:56', 'Godts', 'Marine'),
(47, 40, 'Inscription', 20, '2019-12-07 16:36:45', 'Urbain', 'Penelope'),
(48, 41, 'Inscription', 20, '2019-12-07 16:37:10', 'Hamdouch ', 'Sophia'),
(49, 42, 'Inscription', 20, '2019-12-07 16:37:30', 'Pradeau', 'Trisant'),
(50, 43, 'Inscription', 20, '2019-12-07 16:37:59', 'Motte', 'Luca'),
(51, 44, 'Inscription', 20, '2019-12-07 16:38:44', 'Charquet', 'Victoria'),
(52, 45, 'Inscription', 20, '2019-12-07 16:38:59', 'Doret', 'Heloise'),
(53, 46, 'Inscription', 20, '2019-12-07 16:39:17', 'Wolff ', 'Agathe'),
(54, 47, 'Inscription', 20, '2019-12-07 16:39:37', 'Gaillardin', 'Corentin'),
(55, 48, 'Inscription', 20, '2019-12-07 16:39:58', 'Bokolo', 'Gladys'),
(56, 49, 'Inscription', 20, '2019-12-07 16:40:16', 'Bentolila', 'Vincent'),
(57, 50, 'Inscription', 20, '2019-12-07 16:41:26', 'Blondeau', 'Simon'),
(58, 51, 'Inscription', 20, '2019-12-07 16:41:42', 'Le Guay', 'Tristan'),
(59, 52, 'Inscription', 20, '2019-12-07 16:41:55', 'Delplanque', 'Thomas'),
(60, 53, 'Inscription', 20, '2019-12-07 16:42:15', 'Michel Dales', 'Hippolyte'),
(61, 54, 'Inscription', 20, '2019-12-07 16:42:30', 'Berrada', 'Clarisse'),
(62, 55, 'Inscription', 20, '2019-12-07 16:42:45', 'Brossard', 'Zoé'),
(63, 56, 'Inscription', 20, '2019-12-07 16:43:14', 'Bayer', 'Victoria'),
(64, 57, 'Inscription', 20, '2019-12-07 16:43:31', 'Isler', 'Loriane'),
(65, 58, 'Inscription', 20, '2019-12-07 16:43:47', 'Diop', 'Thiaba'),
(66, 59, 'Inscription', 20, '2019-12-07 16:44:45', 'Jadot', 'Joséphine'),
(67, 60, 'Inscription', 20, '2019-12-07 16:45:00', 'Musisi', 'Mélanie'),
(68, 61, 'Inscription', 20, '2019-12-07 16:45:22', 'Stibert', 'Clémentine'),
(69, 62, 'Inscription', 20, '2019-12-07 16:45:57', 'Haremza', 'Julia'),
(70, 63, 'Inscription', 20, '2019-12-07 16:46:19', 'Eliard', 'Oceane'),
(71, 64, 'Inscription', 20, '2019-12-07 16:46:39', 'Waldon', 'Lola'),
(72, 65, 'Inscription', 20, '2019-12-07 16:46:52', 'Lepage', 'Clyde'),
(73, 66, 'Inscription', 20, '2019-12-07 16:47:15', 'Mathis', 'Albert'),
(74, 67, 'Inscription', 20, '2019-12-07 16:47:43', 'Gomez Villalba', 'Lucas'),
(75, 68, 'Inscription', 20, '2019-12-07 16:48:06', 'Elioth', 'Joris'),
(76, 69, 'Inscription', 20, '2019-12-07 16:48:23', 'Flameng', 'Louis'),
(77, 70, 'Inscription', 20, '2019-12-07 16:49:21', 'Mulé', 'Léonard'),
(78, 71, 'Inscription', 20, '2019-12-07 16:49:41', 'Kaker', 'Laura'),
(79, 42, 'Ajout', 16, '2019-12-07 16:49:45', 'Pradeau', 'Trisant'),
(80, 42, 'Décompte', -20, '2019-12-07 16:50:14', 'Pradeau', 'Trisant'),
(81, 72, 'Inscription', 20, '2019-12-07 16:50:32', 'Bris-Schmaus', 'Sarah'),
(82, 44, 'Décompte', -8, '2019-12-07 16:50:53', 'Charquet', 'Victoria'),
(83, 73, 'Inscription', 20, '2019-12-07 16:50:57', 'Indaco', 'Ida'),
(84, 52, 'Décompte', -2, '2019-12-07 16:51:06', 'Delplanque', 'Thomas'),
(85, 74, 'Inscription', 20, '2019-12-07 16:51:11', 'Yanez', 'Thomas'),
(86, 75, 'Inscription', 20, '2019-12-07 16:51:29', 'Riger Golano', 'Justin'),
(87, 76, 'Inscription', 20, '2019-12-07 16:51:41', 'Catteau', 'Gaspard'),
(88, 66, 'Décompte', -1, '2019-12-07 16:51:45', 'Mathis', 'Albert'),
(89, 69, 'Décompte', -1, '2019-12-07 16:51:56', 'Flameng', 'Louis'),
(90, 77, 'Inscription', 20, '2019-12-07 16:51:57', 'Borrini', 'Luca'),
(91, 71, 'Décompte', -1, '2019-12-07 16:52:05', 'Kaker', 'Laura'),
(92, 72, 'Décompte', -3, '2019-12-07 16:52:14', 'Bris-Schmaus', 'Sarah'),
(93, 78, 'Inscription', 20, '2019-12-07 16:52:15', 'Tokarek', 'Clara'),
(94, 79, 'Inscription', 20, '2019-12-07 16:52:26', 'Mathot', 'Anna'),
(95, 80, 'Inscription', 20, '2019-12-07 16:52:43', 'Papez', 'Amélianne'),
(96, 79, 'Décompte', -3, '2019-12-07 16:52:44', 'Mathot', 'Anna'),
(97, 56, 'Décompte', -1, '2019-12-07 16:52:52', 'Bayer', 'Victoria'),
(98, 81, 'Inscription', 20, '2019-12-07 16:52:58', 'Leemans', 'Lara'),
(99, 82, 'Inscription', 20, '2019-12-07 16:53:12', 'Lakien', 'Louis'),
(100, 83, 'Inscription', 20, '2019-12-07 16:53:27', 'Rodrigues', 'Nelson'),
(101, 84, 'Inscription', 20, '2019-12-07 16:53:47', 'Klingberg', 'Anatole'),
(102, 85, 'Inscription', 20, '2019-12-07 16:54:04', 'Saliet', 'Celia'),
(103, 86, 'Inscription', 20, '2019-12-07 16:54:22', 'Tartini', 'Marylou'),
(104, 87, 'Inscription', 20, '2019-12-07 16:55:20', 'Rosenzwey', 'Alexandre'),
(105, 88, 'Inscription', 20, '2019-12-07 16:55:38', 'Montes', 'Monica'),
(106, 87, 'Ajout', 7, '2019-12-07 16:55:52', 'Rosenzwey', 'Alexandre'),
(107, 89, 'Inscription', 20, '2019-12-07 16:55:58', 'Nicolas', 'Margot'),
(108, 90, 'Inscription', 20, '2019-12-07 16:56:15', 'Carr', 'Ivy-Rose'),
(109, 91, 'Inscription', 20, '2019-12-07 16:56:31', 'Van Derghinst', 'Pauline'),
(110, 92, 'Inscription', 20, '2019-12-07 16:56:57', 'Babczynski', 'Luc'),
(111, 93, 'Inscription', 20, '2019-12-07 16:57:09', 'Champeau', 'Laure'),
(112, 94, 'Inscription', 20, '2019-12-07 16:57:24', 'Kraeme', 'Antoine'),
(113, 95, 'Inscription', 20, '2019-12-07 16:57:37', 'Laci', 'Aurore'),
(114, 96, 'Inscription', 20, '2019-12-07 16:57:58', 'Langenbick', 'Louka'),
(115, 97, 'Inscription', 20, '2019-12-07 16:58:25', 'Sicre de fonburne', 'Anais'),
(116, 98, 'Inscription', 20, '2019-12-07 16:58:37', 'Roy ', 'Julie'),
(117, 99, 'Inscription', 20, '2019-12-07 16:58:54', 'Ruffignac', 'Orson'),
(118, 41, 'Décompte', -10, '2019-12-07 16:59:01', 'Hamdouch ', 'Sophia'),
(119, 47, 'Décompte', -10, '2019-12-07 16:59:11', 'Gaillardin', 'Corentin'),
(120, 100, 'Inscription', 20, '2019-12-07 16:59:15', 'Duran', 'Enedia'),
(121, 101, 'Inscription', 20, '2019-12-07 16:59:31', 'Choque', 'Capucine'),
(122, 101, 'Décompte', -3, '2019-12-07 16:59:44', 'Choque', 'Capucine'),
(123, 102, 'Inscription', 20, '2019-12-07 16:59:52', 'Serradell', 'Maud'),
(124, 70, 'Décompte', -16, '2019-12-07 17:00:42', 'Mulé', 'Léonard'),
(125, 103, 'Inscription', 20, '2019-12-07 17:00:49', 'Martin', 'Lola'),
(126, 104, 'Inscription', 20, '2019-12-07 17:01:06', 'Steas', 'Rozalie'),
(127, 105, 'Inscription', 20, '2019-12-07 17:01:22', 'Betri', 'Valentin'),
(128, 76, 'Ajout', 41, '2019-12-07 17:01:41', 'Catteau', 'Gaspard'),
(129, 80, 'Décompte', -15, '2019-12-07 17:01:54', 'Papez', 'Amélianne'),
(130, 106, 'Inscription', 20, '2019-12-07 17:01:56', 'Bouillet', 'Antoine'),
(131, 107, 'Inscription', 20, '2019-12-07 17:02:11', 'Ciavaldini', 'Romeo'),
(132, 108, 'Inscription', 20, '2019-12-07 17:02:29', 'Peralta', 'Joan'),
(133, 109, 'Inscription', 20, '2019-12-07 17:02:40', 'Nataf', 'Laura'),
(134, 57, 'Décompte', -30, '2019-12-07 17:02:41', 'Isler', 'Loriane'),
(135, 110, 'Inscription', 20, '2019-12-07 17:02:53', 'Bris', 'Thomas'),
(136, 111, 'Inscription', 20, '2019-12-07 17:03:06', 'Sar', 'Damien'),
(137, 112, 'Inscription', 20, '2019-12-07 17:03:23', 'Marius', 'Marius'),
(138, 113, 'Inscription', 20, '2019-12-07 17:03:36', 'Rondot', 'Loana'),
(139, 103, 'Ajout', 13, '2019-12-07 17:03:43', 'Martin', 'Lola'),
(140, 114, 'Inscription', 20, '2019-12-07 17:03:49', 'Pillard', 'Jarod'),
(141, 115, 'Inscription', 20, '2019-12-07 17:04:17', 'Maurel', 'Ardélia'),
(142, 86, 'Décompte', -2, '2019-12-07 17:04:25', 'Tartini', 'Marylou'),
(143, 116, 'Inscription', 20, '2019-12-07 17:04:33', 'Leemans', 'Fiona'),
(144, 110, 'Décompte', -5, '2019-12-07 17:04:38', 'Bris', 'Thomas'),
(145, 117, 'Inscription', 20, '2019-12-07 17:04:44', 'Fosse', 'Julie'),
(146, 118, 'Inscription', 20, '2019-12-07 17:04:57', 'Couvreur', 'Ophélia'),
(147, 119, 'Inscription', 20, '2019-12-07 17:05:10', 'Tribout', 'Justine'),
(148, 58, 'Décompte', -13, '2019-12-07 17:05:20', 'Diop', 'Thiaba'),
(149, 120, 'Inscription', 20, '2019-12-07 17:05:24', 'Bouvoie', 'Océane'),
(150, 121, 'Inscription', 20, '2019-12-07 17:05:39', 'Périer', 'Ashley'),
(151, 122, 'Inscription', 20, '2019-12-07 17:05:52', 'Vanderlinden', 'Marin'),
(152, 123, 'Inscription', 20, '2019-12-07 17:06:10', 'Schwartz', 'Cesar'),
(153, 93, 'Décompte', -1, '2019-12-07 17:06:12', 'Champeau', 'Laure'),
(154, 124, 'Inscription', 20, '2019-12-07 17:06:22', 'Lelous', 'Louis'),
(155, 109, 'Décompte', -2, '2019-12-07 17:06:33', 'Nataf', 'Laura'),
(156, 125, 'Inscription', 20, '2019-12-07 17:06:36', 'Bulle', 'Félicie'),
(157, 126, 'Inscription', 20, '2019-12-07 17:06:50', 'Lanier', 'Mathilde'),
(158, 127, 'Inscription', 20, '2019-12-07 17:07:07', 'Lemaire', 'Séraphine'),
(159, 123, 'Décompte', -4, '2019-12-07 17:10:13', 'Schwartz', 'Cesar'),
(160, 128, 'Inscription', 20, '2019-12-07 17:10:16', 'Gorgiard', 'Violette'),
(161, 126, 'Ajout', 23, '2019-12-07 17:10:23', 'Lanier', 'Mathilde'),
(162, 127, 'Décompte', -3, '2019-12-07 17:10:39', 'Lemaire', 'Séraphine'),
(163, 129, 'Inscription', 16, '2019-12-07 17:10:54', 'Cros', 'Adeline'),
(164, 130, 'Inscription', 20, '2019-12-07 17:11:59', 'Rabot', 'Anouk'),
(165, 131, 'Inscription', 20, '2019-12-07 17:12:59', 'De Coster', 'Alec'),
(166, 132, 'Inscription', 20, '2019-12-07 17:13:41', 'Bossard', 'Zoe'),
(167, 133, 'Inscription', 20, '2019-12-07 17:13:59', 'Lambinon', 'Sofia'),
(168, 133, 'Décompte', -12, '2019-12-07 17:14:16', 'Lambinon', 'Sofia'),
(169, 134, 'Inscription', 200, '2019-12-07 17:15:23', 'Pagner', 'Elie'),
(170, 135, 'Inscription', 200, '2019-12-07 17:15:43', 'Vergne', 'Marie-Marie'),
(171, 136, 'Inscription', 200, '2019-12-07 17:16:08', 'Marcot', 'Clara'),
(172, 137, 'Inscription', 200, '2019-12-07 17:16:56', 'Endara', 'Patxi'),
(173, 138, 'Inscription', 200, '2019-12-07 17:17:19', 'Raguin', 'Simon'),
(174, 139, 'Inscription', 20, '2019-12-07 17:17:35', 'Decroix', 'Joseph'),
(175, 139, 'Ajout', 180, '2019-12-07 17:17:45', 'Decroix', 'Joseph'),
(176, 140, 'Inscription', 200, '2019-12-07 17:18:13', 'Dofny', 'Joseph'),
(177, 141, 'Inscription', 200, '2019-12-07 17:18:28', 'Six', 'Nina'),
(178, 142, 'Inscription', 200, '2019-12-07 17:18:44', 'Loverix', 'Elisa'),
(179, 143, 'Inscription', 200, '2019-12-07 17:19:24', 'Huynh', 'Benjamin'),
(180, 138, 'Décompte', -5, '2019-12-07 17:25:10', 'Raguin', 'Simon'),
(181, 131, 'Décompte', -8, '2019-12-07 17:27:54', 'De Coster', 'Alec'),
(182, 144, 'Inscription', 13, '2019-12-07 17:28:07', 'Teixeira Oliveira', 'Patrick'),
(183, 145, 'Inscription', 15, '2019-12-09 14:14:04', 'Ait-saidi', 'Antoine'),
(184, 145, 'Décompte', -3, '2019-12-09 14:14:16', 'Ait-saidi', 'Antoine'),
(185, 101, 'Décompte', -4, '2019-12-10 11:20:23', 'Choque', 'Capucine'),
(186, 145, 'Décompte', -6, '2019-12-10 12:45:58', 'Ait-saidi', 'Antoine'),
(187, 146, 'Inscription', 20, '2019-12-10 12:51:20', 'Buy', 'Laura'),
(188, 147, 'Inscription', 118, '2019-12-10 12:57:53', 'Cordat', 'Samuel'),
(189, 64, 'Décompte', -12, '2019-12-10 13:01:27', 'Waldon', 'Lola'),
(190, 35, 'Décompte', -2, '2019-12-10 14:33:56', 'Célia', 'Saliet'),
(191, 114, 'Décompte', -8, '2019-12-10 14:35:15', 'Pillard', 'Jarod'),
(192, 68, 'Décompte', -6, '2019-12-10 14:43:24', 'Elioth', 'Joris'),
(193, 64, 'Ajout', 12, '2019-12-10 15:00:48', 'Waldon', 'Lola'),
(194, 133, 'Décompte', -8, '2019-12-10 15:02:15', 'Lambinon', 'Sofia'),
(195, 148, 'Inscription', 20, '2019-12-10 15:06:31', 'Engels', 'Lucas'),
(196, 148, 'Décompte', -2, '2019-12-10 15:09:06', 'Engels', 'Lucas'),
(197, 149, 'Inscription', 16, '2019-12-10 15:24:10', 'Arrouy', 'Chloé'),
(198, 149, 'Décompte', -4, '2019-12-10 15:24:27', 'Arrouy', 'Chloé'),
(199, 147, 'Décompte', -3, '2019-12-10 15:29:59', 'Cordat', 'Samuel'),
(200, 150, 'Inscription', 20, '2019-12-10 17:35:01', 'Hautcoeur', 'Matisse'),
(201, 150, 'Décompte', -3, '2019-12-10 17:35:17', 'Hautcoeur', 'Matisse'),
(202, 150, 'Décompte', -1, '2019-12-10 17:42:08', 'Hautcoeur', 'Matisse'),
(203, 69, 'Décompte', -1, '2019-12-10 17:51:01', 'Flameng', 'Louis'),
(204, 151, 'Inscription', 20, '2019-12-10 17:51:41', 'Vander Oost', 'Kylian'),
(205, 151, 'Décompte', -4, '2019-12-10 17:51:53', 'Vander Oost', 'Kylian'),
(206, 150, 'Décompte', -5, '2019-12-10 18:01:58', 'Hautcoeur', 'Matisse'),
(207, 151, 'Décompte', -6, '2019-12-19 14:56:16', 'Vander Oost', 'Kylian'),
(208, 152, 'Inscription', 17, '2019-12-19 15:21:21', 'chapuis', 'sarah'),
(209, 153, 'Inscription', 18, '2019-12-19 15:29:50', 'reidiboym', 'william'),
(210, 76, 'Décompte', -9, '2020-02-06 14:15:49', 'Catteau', 'Gaspard'),
(211, 154, 'Inscription', 10, '2020-02-06 14:16:50', 'Thomain', 'Louise-Blanche'),
(212, 74, 'Décompte', -10, '2020-02-06 14:17:01', 'Yanez', 'Thomas'),
(213, 45, 'Décompte', -4, '2020-02-06 14:17:14', 'Doret', 'Heloise'),
(214, 130, 'Décompte', -9, '2020-02-06 14:17:24', 'Rabot', 'Anouk'),
(215, 114, 'Décompte', -1, '2020-02-06 14:56:15', 'Pillard', 'Jarod'),
(216, 129, 'Décompte', -5, '2020-02-06 14:56:44', 'Cros', 'Adeline'),
(217, 45, 'Ajout', 2, '2020-02-06 15:40:58', 'Doret', 'Heloise'),
(218, 101, 'Ajout', 15, '2020-02-11 11:31:58', 'Choque', 'Capucine'),
(219, 101, 'Ajout', 5, '2020-02-11 11:32:08', 'Choque', 'Capucine'),
(220, 48, 'Décompte', -3, '2020-02-11 11:37:06', 'Bokolo', 'Gladys'),
(221, 51, 'Décompte', -2, '2020-02-11 11:37:31', 'Le Guay', 'Tristan'),
(222, 101, 'Décompte', -5, '2020-02-11 11:39:48', 'Choque', 'Capucine'),
(223, 155, 'Inscription', 19, '2020-02-13 12:20:04', 'Soleil', 'Lois'),
(224, 156, 'Inscription', 26, '2020-02-13 13:37:18', 'Bombail', 'Emma '),
(225, 156, 'Ajout', 15, '2020-02-13 13:39:18', 'Bombail', 'Emma '),
(226, 157, 'Inscription', 20, '2020-02-13 13:48:38', 'Ruzzier', 'Margherita'),
(227, 86, 'Décompte', -2, '2020-02-13 14:09:36', 'Tartini', 'Marylou'),
(228, 153, 'Décompte', -6, '2020-02-13 14:12:53', 'reidiboym', 'william'),
(229, 158, 'Inscription', 20, '2020-02-13 14:13:36', 'Max', 'Max'),
(230, 158, 'Décompte', -6, '2020-02-13 14:13:48', 'Max', 'Max'),
(231, 45, 'Ajout', 10, '2020-02-13 14:14:14', 'Doret', 'Heloise'),
(232, 56, 'Décompte', -1, '2020-02-13 14:14:25', 'Bayer', 'Victoria'),
(233, 156, 'Décompte', -14, '2020-02-13 14:14:47', 'Bombail', 'Emma '),
(234, 123, 'Décompte', -3, '2020-02-13 14:15:06', 'Schwartz', 'Cesar'),
(235, 159, 'Inscription', 20, '2020-02-13 14:16:41', 'Planty', 'Anais'),
(236, 84, 'Décompte', -2, '2020-02-13 14:21:28', 'Klingberg', 'Anatole'),
(237, 98, 'Décompte', -2, '2020-02-13 14:21:49', 'Roy ', 'Julie'),
(238, 160, 'Inscription', 14, '2020-02-13 14:22:54', 'Kouyoumdjian', 'Romane'),
(239, 161, 'Inscription', 10, '2020-02-13 14:23:50', 'Podemski', 'Eliott'),
(240, 162, 'Inscription', 17, '2020-02-13 14:24:28', 'el-amin', 'Yasmine'),
(241, 163, 'Inscription', 17, '2020-02-13 14:25:01', 'Iannone', 'Romain'),
(242, 145, 'Décompte', -3, '2020-02-13 14:25:15', 'Ait-saidi', 'Antoine'),
(243, 68, 'Décompte', -2, '2020-02-13 14:57:20', 'Elioth', 'Joris'),
(244, 105, 'Décompte', -1, '2020-02-13 15:29:04', 'Betri', 'Valentin'),
(245, 164, 'Inscription', 19, '2020-02-13 15:40:38', 'Jumet', 'Loïse'),
(246, 66, 'Décompte', -3, '2020-02-13 15:46:47', 'Mathis', 'Albert'),
(247, 52, 'Décompte', -3, '2020-02-13 16:58:47', 'Delplanque', 'Thomas'),
(248, 126, 'Décompte', -1, '2020-02-13 17:10:18', 'Lanier', 'Mathilde'),
(249, 160, 'Décompte', -5, '2020-02-13 17:29:58', 'Kouyoumdjian', 'Romane'),
(250, 165, 'Inscription', 20, '2020-02-18 11:44:59', 'Azem', 'Léa'),
(251, 165, 'Décompte', -1, '2020-02-18 11:45:09', 'Azem', 'Léa'),
(252, 166, 'Inscription', 16, '2020-02-18 13:43:48', 'Poitevin', 'Amélie'),
(253, 166, 'Décompte', -2, '2020-02-18 13:44:04', 'Poitevin', 'Amélie'),
(254, 167, 'Inscription', 20, '2020-02-18 13:50:27', 'Gaster', 'Thelma'),
(255, 168, 'Inscription', 20, '2020-02-18 13:51:03', 'Boitel', 'Chloé'),
(256, 101, 'Décompte', -4, '2020-02-18 14:18:10', 'Choque', 'Capucine'),
(257, 163, 'Décompte', -7, '2020-02-18 16:19:04', 'Iannone', 'Romain'),
(258, 169, 'Inscription', 16, '2020-02-18 16:35:24', 'Fouqueray', 'Igor'),
(259, 169, 'Décompte', -2, '2020-02-18 16:35:31', 'Fouqueray', 'Igor'),
(260, 169, 'Décompte', -3, '2020-02-18 16:42:58', 'Fouqueray', 'Igor'),
(261, 92, 'Ajout', 75, '2020-02-25 12:40:00', 'Babczynski', 'Luc'),
(262, 170, 'Inscription', 20, '2020-02-25 13:01:11', 'Lachaux', 'Mahee'),
(263, 72, 'Décompte', -1, '2020-02-25 13:54:32', 'Bris-Schmaus', 'Sarah'),
(264, 128, 'Décompte', -35, '2020-02-25 14:54:07', 'Gorgiard', 'Violette'),
(265, 171, 'Inscription', 20, '2020-02-25 15:21:13', 'Bousquet-Carton', 'Leïla'),
(266, 171, 'Décompte', -15, '2020-02-25 15:25:03', 'Bousquet-Carton', 'Leïla'),
(267, 159, 'Ajout', 10, '2020-02-25 15:25:29', 'Planty', 'Anais'),
(268, 110, 'Décompte', -8, '2020-02-25 15:53:08', 'Bris', 'Thomas'),
(269, 167, 'Décompte', -4, '2020-02-25 17:10:56', 'Gaster', 'Thelma'),
(270, 155, 'Décompte', -15, '2020-02-25 17:25:54', 'Soleil', 'Lois'),
(271, 156, 'Ajout', 10, '2020-02-26 00:38:31', 'Bombail', 'Emma '),
(272, 147, 'Décompte', -10, '2020-02-27 11:59:28', 'Cordat', 'Samuel'),
(273, 147, 'Décompte', -1, '2020-02-27 11:59:57', 'Cordat', 'Samuel'),
(274, 172, 'Inscription', 50, '2020-02-27 13:08:40', 'lucinne', 'Salva'),
(275, 173, 'Inscription', 16, '2020-02-27 13:29:47', 'Roth', 'Timothée'),
(276, 172, 'Décompte', -5, '2020-02-27 14:04:59', 'lucinne', 'Salva'),
(277, 72, 'Décompte', -3, '2020-02-27 14:18:21', 'Bris-Schmaus', 'Sarah'),
(278, 75, 'Décompte', -1, '2020-02-27 15:17:25', 'Riger Golano', 'Justin'),
(279, 72, 'Ajout', 8, '2020-03-03 13:14:24', 'Bris-Schmaus', 'Sarah'),
(280, 72, 'Décompte', -16, '2020-03-03 13:14:49', 'Bris-Schmaus', 'Sarah'),
(281, 72, 'Ajout', 3, '2020-03-03 13:15:52', 'Bris-Schmaus', 'Sarah'),
(282, 72, 'Ajout', 3, '2020-03-03 13:15:53', 'Bris-Schmaus', 'Sarah'),
(283, 145, 'Décompte', -3, '2020-03-03 15:18:59', 'Ait-saidi', 'Antoine'),
(284, 76, 'Ajout', 8, '2020-03-03 15:19:18', 'Catteau', 'Gaspard'),
(285, 72, 'Décompte', -2, '2020-03-03 15:19:35', 'Bris-Schmaus', 'Sarah'),
(286, 174, 'Inscription', 20, '2020-03-03 15:21:03', 'Dubié', 'Bastien'),
(287, 52, 'Décompte', -1, '2020-03-03 15:58:33', 'Delplanque', 'Thomas'),
(288, 126, 'Décompte', -5, '2020-03-03 15:58:43', 'Lanier', 'Mathilde'),
(289, 175, 'Inscription', 17, '2020-03-03 16:08:38', 'Escande ', 'Marius'),
(290, 72, 'Décompte', -2, '2020-03-03 16:34:08', 'Bris-Schmaus', 'Sarah'),
(291, 93, 'Ajout', 1, '2020-03-05 11:57:52', 'Champeau', 'Laure'),
(292, 93, 'Décompte', -2, '2020-03-05 11:58:02', 'Champeau', 'Laure'),
(293, 156, 'Décompte', -2, '2020-03-05 12:35:17', 'Bombail', 'Emma '),
(294, 72, 'Ajout', 2, '2020-03-05 12:36:54', 'Bris-Schmaus', 'Sarah'),
(295, 160, 'Ajout', 27, '2020-03-05 12:40:20', 'Kouyoumdjian', 'Romane'),
(296, 41, 'Décompte', -6, '2020-03-05 14:40:09', 'Hamdouch ', 'Sophia'),
(297, 138, 'Décompte', -15, '2020-03-05 14:41:18', 'Raguin', 'Simon'),
(298, 147, 'Décompte', -10, '2020-03-05 14:44:21', 'Cordat', 'Samuel'),
(299, 129, 'Décompte', -6, '2020-03-05 16:31:48', 'Cros', 'Adeline'),
(300, 127, 'Décompte', -4, '2020-03-05 16:46:34', 'Lemaire', 'Séraphine'),
(301, 52, 'Décompte', -14, '2020-03-05 17:58:03', 'Delplanque', 'Thomas'),
(302, 174, 'Ajout', 30, '2020-03-05 20:06:59', 'Dubié', 'Bastien'),
(303, 69, 'Décompte', -3, '2020-03-10 10:12:38', 'Flameng', 'Louis'),
(304, 55, 'Décompte', -4, '2020-03-10 10:45:51', 'Brossard', 'Zoé'),
(305, 176, 'Inscription', 12, '2020-03-10 11:27:38', 'Van Der Avort', 'William'),
(306, 177, 'Inscription', 20, '2020-03-10 11:29:07', 'Girault', 'Théo'),
(307, 177, 'Ajout', 20, '2020-03-10 11:29:49', 'Girault', 'Théo'),
(308, 165, 'Ajout', 20, '2020-03-10 11:29:59', 'Azem', 'Léa'),
(309, 176, 'Ajout', 20, '2020-03-10 11:30:09', 'Van Der Avort', 'William'),
(310, 178, 'Inscription', 20, '2020-03-10 12:23:51', 'Guillermin ', 'Carla'),
(311, 179, 'Inscription', 17, '2020-03-10 14:04:00', 'Buelens', 'Matthias'),
(312, 180, 'Inscription', 16, '2020-03-10 15:09:15', 'Babut', 'Justine '),
(313, 126, 'Décompte', -2, '2020-03-10 16:42:46', 'Lanier', 'Mathilde'),
(314, 57, 'Ajout', 60, '2020-03-11 19:45:18', 'Isler', 'Loriane'),
(315, 49, 'Ajout', 2, '2020-03-12 13:22:32', 'Bentolila', 'Vincent'),
(316, 181, 'Inscription', 18, '2020-03-12 13:23:30', 'Peyrolle', 'paul'),
(317, 123, 'Ajout', 1, '2020-03-12 13:26:00', 'Schwartz', 'Cesar'),
(318, 172, 'Ajout', 10, '2020-03-12 13:29:41', 'lucinne', 'Salva'),
(319, 182, 'Inscription', 20, '2020-03-12 13:33:41', 'Chateau', 'Ségolène '),
(320, 49, 'Décompte', -4, '2020-03-12 13:36:35', 'Bentolila', 'Vincent'),
(321, 123, 'Décompte', -2, '2020-03-12 13:36:53', 'Schwartz', 'Cesar'),
(322, 172, 'Décompte', -10, '2020-03-12 13:37:19', 'lucinne', 'Salva'),
(323, 183, 'Inscription', 200, '2020-03-12 13:49:13', 'Ospina', 'Kénor'),
(324, 183, 'Décompte', -12, '2020-03-12 13:49:22', 'Ospina', 'Kénor'),
(325, 184, 'Inscription', 20, '2020-03-12 14:17:47', 'Aeschlimann', 'Fanny'),
(326, 184, 'Décompte', -5, '2020-03-12 14:24:54', 'Aeschlimann', 'Fanny'),
(327, 144, 'Décompte', -5, '2020-03-12 14:42:23', 'Teixeira Oliveira', 'Patrick'),
(328, 185, 'Inscription', 18, '2020-03-12 15:29:34', 'reynier', 'wanda');

-- --------------------------------------------------------

--
-- Structure de la table `users`
--

CREATE TABLE IF NOT EXISTS `users` (
`id` int(11) NOT NULL,
  `nom` varchar(1000) NOT NULL,
  `prenom` varchar(1000) NOT NULL,
  `email` varchar(1000) NOT NULL,
  `glocks` int(11) NOT NULL
) ENGINE=InnoDB AUTO_INCREMENT=186 DEFAULT CHARSET=latin1;

--
-- Contenu de la table `users`
--

INSERT INTO `users` (`id`, `nom`, `prenom`, `email`, `glocks`) VALUES
(33, 'Timmermans', 'Dorian', 'dorian.timmermans@gmail.com', 200),
(34, 'Antoin', 'Pascale', 'mpalba@outlook.be', 20),
(35, 'Célia', 'Saliet', 'celiasalier@yahoo.fr', 17),
(36, 'Clémentine', 'Jakout Van Erp', 'clementine.jakout@gmail.com', 20),
(37, 'Gaetan', 'Jossart', 'gaetan2904@hotmail.com', 20),
(38, 'Godts', 'Marine', 'mgodts@hotmail.com', 20),
(39, 'Godts', 'Marine', 'mgodts@hotmail.com', 20),
(40, 'Urbain', 'Penelope', 'porsws@gmail.com', 20),
(41, 'Hamdouch ', 'Sophia', 'porsws@gmail.com', 4),
(42, 'Pradeau', 'Trisant', 'porsws@gmail.com', 16),
(43, 'Motte', 'Luca', 'lucaserpent@gmail.com', 20),
(44, 'Charquet', 'Victoria', 'victoria.charquet.lz@gmail.com', 12),
(45, 'Doret', 'Heloise', 'doretheloise@gmail.com', 28),
(46, 'Wolff ', 'Agathe', 'agathe_wolff@gmail.com', 20),
(47, 'Gaillardin', 'Corentin', 'cgaillardin@gmail.com', 10),
(48, 'Bokolo', 'Gladys', 'gladys.bokolo@gmail.com', 17),
(49, 'Bentolila', 'Vincent', 'bentolilavincentt@gmail.com', 18),
(50, 'Blondeau', 'Simon', 'simon.AF.blondeau@gmail.com', 20),
(51, 'Le Guay', 'Tristan', 'tristan.leguay@gmail.com', 18),
(52, 'Delplanque', 'Thomas', 'thomas.dep2000@gmail.com', 0),
(53, 'Michel Dales', 'Hippolyte', 'hippolytemdales@gmail.com', 20),
(54, 'Berrada', 'Clarisse', 'clarisseberrada@hotmail.fr', 20),
(55, 'Brossard', 'Zoé', 'zoebsrd@gmail.com', 16),
(56, 'Bayer', 'Victoria', 'viccloud93@gmail.fr', 18),
(57, 'Isler', 'Loriane', 'loriane.isler@gmail.com', 50),
(58, 'Diop', 'Thiaba', 'thiabadiop@hotmail.fr', 7),
(59, 'Jadot', 'Joséphine', 'jadot.josephine@gmail.com', 20),
(60, 'Musisi', 'Mélanie', 'melanie.musisi@hotmail.com', 20),
(61, 'Stibert', 'Clémentine', 'clementine.stibert@gmail.com', 20),
(62, 'Haremza', 'Julia', 'julia-37@hotmail.fr', 20),
(63, 'Eliard', 'Oceane', 'oceane.eliard@outlook.fr', 20),
(64, 'Waldon', 'Lola', 'lolawldn@gmail.com', 20),
(65, 'Lepage', 'Clyde', 'clydelepage@gmail.com', 20),
(66, 'Mathis', 'Albert', 'mathisalbert15@gmail.com', 16),
(67, 'Gomez Villalba', 'Lucas', 'golucas95@gmail.com', 20),
(68, 'Elioth', 'Joris', 'eliothjoris@gmail.com', 12),
(69, 'Flameng', 'Louis', 'louis-flameng@hotmail.com', 15),
(70, 'Mulé', 'Léonard', 'hrorschach98@gmail.com', 4),
(71, 'Kaker', 'Laura', 'laurakaker0705@gmail.com', 19),
(72, 'Bris-Schmaus', 'Sarah', 'sarahbris@hotmail.fr', 9),
(73, 'Indaco', 'Ida', 'indacoida@gmail.com', 20),
(74, 'Yanez', 'Thomas', 'thomas.yanez@outlook.fr', 10),
(75, 'Riger Golano', 'Justin', 'justin.rogergolano@gmail.com', 19),
(76, 'Catteau', 'Gaspard', 'gaspard.catteau@gmail.com', 60),
(77, 'Borrini', 'Luca', 'lucawa2@hotmail.fr', 20),
(78, 'Tokarek', 'Clara', 'clara.tokarek@gmail.com', 20),
(79, 'Mathot', 'Anna', 'anna.mathot@gmail.com', 17),
(80, 'Papez', 'Amélianne', 'amelianne.papez@hotmail.fr', 5),
(81, 'Leemans', 'Lara', 'laraleemans09@gmail.com', 20),
(82, 'Lakien', 'Louis', 'louis.lekien@gmail.com', 20),
(83, 'Rodrigues', 'Nelson', 'rodrigues.guerreiro04@gmail.com', 20),
(84, 'Klingberg', 'Anatole', 'anatoleklingberg@gmail.com', 18),
(85, 'Saliet', 'Celia', 'celiasalier@yahoo.fr', 20),
(86, 'Tartini', 'Marylou', 'maryloutartini@hotmail.be', 16),
(87, 'Rosenzwey', 'Alexandre', 'alexandre.rosenzwey@protonmail.com', 27),
(88, 'Montes', 'Monica', 'tesica25@hotmail.fr', 20),
(89, 'Nicolas', 'Margot', 'mslnn@outlook.fr', 20),
(90, 'Carr', 'Ivy-Rose', 'ivyrosecarr@gmail.com', 20),
(91, 'Van Derghinst', 'Pauline', 'vdghinst.pauline@gmail.com', 20),
(92, 'Babczynski', 'Luc', 'babzoulus@gmail.com', 95),
(93, 'Champeau', 'Laure', 'champeau.laure@gmail.com', 18),
(94, 'Kraeme', 'Antoine', 'kraehea@gmail.com', 20),
(95, 'Laci', 'Aurore', 'aurore.laci@hotmail.fr', 20),
(96, 'Langenbick', 'Louka', 'louka.langenbick@gmail.com', 20),
(97, 'Sicre de fonburne', 'Anais', 'anais.de.fontbrune@gmail.com', 20),
(98, 'Roy ', 'Julie', 'julieroyebe@gmail.com', 18),
(99, 'Ruffignac', 'Orson', 'rouffignaco@gmail.com', 20),
(100, 'Duran', 'Enedia', 'canelleduran@hotmail.fr', 20),
(101, 'Choque', 'Capucine', 'cap.choque@gmail.com', 24),
(102, 'Serradell', 'Maud', 'maud.serradell@gmail.com', 20),
(103, 'Martin', 'Lola', 'lolakroft4@gmail.com', 33),
(104, 'Steas', 'Rozalie', 'rozaliestaes@gmail.com', 20),
(105, 'Betri', 'Valentin', 'valentin.beki@hotmail.com', 19),
(106, 'Bouillet', 'Antoine', 'antoinebouillet@hotmail.fr', 20),
(107, 'Ciavaldini', 'Romeo', 'romeo.ciavaldini@ensad.fr', 20),
(108, 'Peralta', 'Joan', 'peralta.joan.bun@gmail.com', 20),
(109, 'Nataf', 'Laura', 'lauranataf@hotmail.fr', 18),
(110, 'Bris', 'Thomas', 'tom.bris@free.fr', 7),
(111, 'Sar', 'Damien', 'damiensar@gmail.com', 20),
(112, 'Marius', 'Marius', 'marius@erg.be', 20),
(113, 'Rondot', 'Loana', 'loanarondot@live.fr', 20),
(114, 'Pillard', 'Jarod', 'jarodpilard@outlook.fr', 11),
(115, 'Maurel', 'Ardélia', 'ardemaurel@gmail.com', 20),
(116, 'Leemans', 'Fiona', 'fionalemmans@hotmail.com', 20),
(117, 'Fosse', 'Julie', 'julie.fosse@hotmail.fr', 20),
(118, 'Couvreur', 'Ophélia', 'ophelia.couvreur@hotmail.be', 20),
(119, 'Tribout', 'Justine', 'justinetheatribout@gmail.com', 20),
(120, 'Bouvoie', 'Océane', 'oceane.bouvoie@gmail.com', 20),
(121, 'Périer', 'Ashley', 'ashleyperier1@gmail.com', 20),
(122, 'Vanderlinden', 'Marin', 'marin.vanderlinden@gmail.com', 20),
(123, 'Schwartz', 'Cesar', 'npkx42@gmail.com', 12),
(124, 'Lelous', 'Louis', 'louislelous@laposte.net', 20),
(125, 'Bulle', 'Félicie', 'felicie.bulle@gmail.com', 20),
(126, 'Lanier', 'Mathilde', 'lanier.mathilde99@gmail.com', 35),
(127, 'Lemaire', 'Séraphine', 'seraphii.slm@gmail.com', 13),
(128, 'Gorgiard', 'Violette', 'violette-lempicka@hotmail.fr', -15),
(129, 'Cros', 'Adeline', 'ade.cros@gmail.com', 5),
(130, 'Rabot', 'Anouk', 'anoukrabot@gmail.com', 11),
(131, 'De Coster', 'Alec', 'alec.decoster@hotmail.com', 12),
(132, 'Bossard', 'Zoe', 'zoebrsd@gmail.com', 20),
(133, 'Lambinon', 'Sofia', 'sofia.lambinon@gmail.com', 0),
(134, 'Pagner', 'Elie', 'epagnier22@gmail.com', 200),
(135, 'Vergne', 'Marie-Marie', 'mmvergne@hotmail.fr', 200),
(136, 'Marcot', 'Clara', 'claramarcot@gmail.com', 200),
(137, 'Endara', 'Patxi', 'patxi.e@hotmail.fr', 200),
(138, 'Raguin', 'Simon', 'simragbxl@gmail.com', 180),
(139, 'Decroix', 'Joseph', 'decroix.joseph@gmail.com', 200),
(140, 'Dofny', 'Joseph', 'joseph.dofny@hotmail.fr', 200),
(141, 'Six', 'Nina', 'ninasixbrik@gmail.com', 200),
(142, 'Loverix', 'Elisa', 'elisa.loverix@outlook.be', 200),
(143, 'Huynh', 'Benjamin', 'huynh.ben@hotmail.com', 200),
(144, 'Teixeira Oliveira', 'Patrick', 'menino.patrick@hotmail.fr', 8),
(145, 'Ait-saidi', 'Antoine', 'osas672@gmail.com', 0),
(146, 'Buy', 'Laura', 'laura.buy67@gmail.com', 20),
(147, 'Cordat', 'Samuel', 'cordat.samuel@gmail.com', 94),
(148, 'Engels', 'Lucas', 'lucas.engels123@gmail.com', 18),
(149, 'Arrouy', 'Chloé', 'arrouy.chloe@gmail.com', 12),
(150, 'Hautcoeur', 'Matisse', 'matisseh99@gmail.com', 11),
(151, 'Vander Oost', 'Kylian', 'kylian@vander-oost.be', 10),
(152, 'chapuis', 'sarah', 'sarahhchapuis@gmial.com', 17),
(153, 'reidiboym', 'william', 'williamreidiboym@gmail.com', 12),
(154, 'Thomain', 'Louise-Blanche', 'louisethomain@gmail.com', 10),
(155, 'Soleil', 'Lois', 'lois.soleil@gmail.com', 4),
(156, 'Bombail', 'Emma ', 'emma.bombail@gmail.com', 35),
(157, 'Ruzzier', 'Margherita', 'ruzziermargherita@gmail.com', 20),
(158, 'Max', 'Max', 'coucou@gmail.com', 14),
(159, 'Planty', 'Anais', 'tahoasalad@gmail.com', 30),
(160, 'Kouyoumdjian', 'Romane', 'rorodu75@wanadoo.fr', 36),
(161, 'Podemski', 'Eliott', 'beyoncedu33@msn.fr', 10),
(162, 'el-amin', 'Yasmine', 'cocochacnel@skynet.be', 17),
(163, 'Iannone', 'Romain', 'coucoucmoi@gmail.fr', 10),
(164, 'Jumet', 'Loïse', 'laulotte.jum@gmail.com', 19),
(165, 'Azem', 'Léa', 'leaazem@gmail.com', 39),
(166, 'Poitevin', 'Amélie', 'poitevin.amelie@gmail.com', 14),
(167, 'Gaster', 'Thelma', 'thelmagaster@gmail.com', 16),
(168, 'Boitel', 'Chloé', 'chloeyboitel@gmail.com', 20),
(169, 'Fouqueray', 'Igor', 'igor.fouqueray@gmail.com', 11),
(170, 'Lachaux', 'Mahee', 'maheelachaux@gmail.com', 20),
(171, 'Bousquet-Carton', 'Leïla', 'leila.bousquet.carton@gmail.com', 5),
(172, 'lucinne', 'Salva', 'salva.lucinne@gmail.com', 45),
(173, 'Roth', 'Timothée', 'timoth54@gmail.com', 16),
(174, 'Dubié', 'Bastien', 'dubiebastien@laposte.net', 50),
(175, 'Escande ', 'Marius', 'marius@erg.be', 17),
(176, 'Van Der Avort', 'William', 'william.vanderavort@icloud.com', 32),
(177, 'Girault', 'Théo', 'theo.girault.pro@gmail.com', 40),
(178, 'Guillermin ', 'Carla', 'carlaguillermin@gmail.com', 20),
(179, 'Buelens', 'Matthias', 'matthbu@live.be', 17),
(180, 'Babut', 'Justine ', 'justinebabut@outlook.com', 16),
(181, 'Peyrolle', 'paul', 'peyrolle.paul@gmail.com', 18),
(182, 'Chateau', 'Ségolène ', 'chateau31@laposte.net', 20),
(183, 'Ospina', 'Kénor', 'kenorospina@outlook.com', 188),
(184, 'Aeschlimann', 'Fanny', 'fanny.aeschlimann1@gmail.com', 15),
(185, 'reynier', 'wanda', 'wanda.r@hotmail.fr', 18);

--
-- Index pour les tables exportées
--

--
-- Index pour la table `blog`
--
ALTER TABLE `blog`
 ADD PRIMARY KEY (`id`);

--
-- Index pour la table `journal`
--
ALTER TABLE `journal`
 ADD PRIMARY KEY (`id`);

--
-- Index pour la table `users`
--
ALTER TABLE `users`
 ADD PRIMARY KEY (`id`);

--
-- AUTO_INCREMENT pour les tables exportées
--

--
-- AUTO_INCREMENT pour la table `blog`
--
ALTER TABLE `blog`
MODIFY `id` int(11) NOT NULL AUTO_INCREMENT,AUTO_INCREMENT=7;
--
-- AUTO_INCREMENT pour la table `journal`
--
ALTER TABLE `journal`
MODIFY `id` int(11) NOT NULL AUTO_INCREMENT,AUTO_INCREMENT=329;
--
-- AUTO_INCREMENT pour la table `users`
--
ALTER TABLE `users`
MODIFY `id` int(11) NOT NULL AUTO_INCREMENT,AUTO_INCREMENT=186;
/*!40101 SET CHARACTER_SET_CLIENT=@OLD_CHARACTER_SET_CLIENT */;
/*!40101 SET CHARACTER_SET_RESULTS=@OLD_CHARACTER_SET_RESULTS */;
/*!40101 SET COLLATION_CONNECTION=@OLD_COLLATION_CONNECTION */;
